100,Gaylene,Irmine,Gaylene.Irmine@yopmail.com,Gaylene.Irmine@gmail.com,firefighter,1
101,Christian,My,Christian.My@yopmail.com,Christian.My@gmail.com,firefighter,2
102,Lonnie,Edee,Lonnie.Edee@yopmail.com,Lonnie.Edee@gmail.com,doctor,3
103,Aurore,Thornburg,Aurore.Thornburg@yopmail.com,Aurore.Thornburg@gmail.com,firefighter,4
104,Ardys,Tillford,Ardys.Tillford@yopmail.com,Ardys.Tillford@gmail.com,doctor,5
105,Imojean,Rosette,Imojean.Rosette@yopmail.com,Imojean.Rosette@gmail.com,developer,6
106,Brana,Greyson,Brana.Greyson@yopmail.com,Brana.Greyson@gmail.com,police officer,7
107,Merrie,Latini,Merrie.Latini@yopmail.com,Merrie.Latini@gmail.com,doctor,8
108,June,Mallon,June.Mallon@yopmail.com,June.Mallon@gmail.com,developer,9
109,Iseabal,Stevy,Iseabal.Stevy@yopmail.com,Iseabal.Stevy@gmail.com,firefighter,10
110,Allyce,Esmaria,Allyce.Esmaria@yopmail.com,Allyce.Esmaria@gmail.com,firefighter,11
111,Regina,Katrine,Regina.Katrine@yopmail.com,Regina.Katrine@gmail.com,developer,12
112,Carilyn,Brodench,Carilyn.Brodench@yopmail.com,Carilyn.Brodench@gmail.com,developer,13
113,Tobe,Forrer,Tobe.Forrer@yopmail.com,Tobe.Forrer@gmail.com,worker,14
114,Yetty,Oster,Yetty.Oster@yopmail.com,Yetty.Oster@gmail.com,police officer,15
115,Kristina,Lane,Kristina.Lane@yopmail.com,Kristina.Lane@gmail.com,firefighter,16
116,Meg,Tyson,Meg.Tyson@yopmail.com,Meg.Tyson@gmail.com,firefighter,17
117,Charmaine,Freddi,Charmaine.Freddi@yopmail.com,Charmaine.Freddi@gmail.com,worker,18
118,Hyacinthe,Letsou,Hyacinthe.Letsou@yopmail.com,Hyacinthe.Letsou@gmail.com,developer,19
119,Lacie,Anton,Lacie.Anton@yopmail.com,Lacie.Anton@gmail.com,doctor,20
120,Rori,Blake,Rori.Blake@yopmail.com,Rori.Blake@gmail.com,worker,21
121,Danny,Ephrem,Danny.Ephrem@yopmail.com,Danny.Ephrem@gmail.com,worker,22
122,Marita,Anastatius,Marita.Anastatius@yopmail.com,Marita.Anastatius@gmail.com,police officer,23
123,Alleen,Dahlia,Alleen.Dahlia@yopmail.com,Alleen.Dahlia@gmail.com,doctor,24
124,Krystle,Lane,Krystle.Lane@yopmail.com,Krystle.Lane@gmail.com,firefighter,25
125,Georgetta,Dominy,Georgetta.Dominy@yopmail.com,Georgetta.Dominy@gmail.com,police officer,26
126,Annora,Dielu,Annora.Dielu@yopmail.com,Annora.Dielu@gmail.com,developer,27
127,Cacilie,Amand,Cacilie.Amand@yopmail.com,Cacilie.Amand@gmail.com,firefighter,28
128,Esmeralda,Hylan,Esmeralda.Hylan@yopmail.com,Esmeralda.Hylan@gmail.com,police officer,29
129,Raina,Millda,Raina.Millda@yopmail.com,Raina.Millda@gmail.com,worker,30
130,Jeanna,Hathaway,Jeanna.Hathaway@yopmail.com,Jeanna.Hathaway@gmail.com,firefighter,31
131,Linzy,Raul,Linzy.Raul@yopmail.com,Linzy.Raul@gmail.com,worker,32
132,Shell,Yam,Shell.Yam@yopmail.com,Shell.Yam@gmail.com,police officer,33
133,Sharai,Nea,Sharai.Nea@yopmail.com,Sharai.Nea@gmail.com,worker,34
134,Kara-Lynn,Guthrie,Kara-Lynn.Guthrie@yopmail.com,Kara-Lynn.Guthrie@gmail.com,developer,35
135,Dale,Alejoa,Dale.Alejoa@yopmail.com,Dale.Alejoa@gmail.com,police officer,36
136,Lauryn,Freddi,Lauryn.Freddi@yopmail.com,Lauryn.Freddi@gmail.com,worker,37
137,Jinny,Seessel,Jinny.Seessel@yopmail.com,Jinny.Seessel@gmail.com,firefighter,38

